"","model","RMSE","fold","fold_points"
"1","bm1to1",0.0387703439740293,1,"1-2-3"
"2","bm1to1",0.137500715858734,2,"1-2-4"
"3","bm1to1",0.120561684039638,3,"1-2-5"
"4","bm1to1",0.130079662416697,4,"1-2-6"
"5","bm1to1",0.122331655728253,5,"1-2-7"
"6","bm1to1",0.123605665554308,6,"1-2-8"
"7","bm1to1",0.123156120561913,7,"1-2-9"
"8","bm1to1",0.123665578707539,8,"1-2-10"
"9","bm1to1",0.121104882612043,9,"1-2-11"
"10","bm1to1",0.122500142418135,10,"1-2-12"
"11","bm1to1",0.0947568605853912,11,"1-3-4"
"12","bm1to1",0.0390212940025047,12,"1-3-5"
"13","bm1to1",0.0429240273471771,13,"1-3-6"
"14","bm1to1",0.0437782981739123,14,"1-3-7"
"15","bm1to1",0.0447706359860335,15,"1-3-8"
"16","bm1to1",0.0458834398852387,16,"1-3-9"
"17","bm1to1",0.048296714520236,17,"1-3-10"
"18","bm1to1",0.0452405570067809,18,"1-3-11"
"19","bm1to1",0.047511817274236,19,"1-3-12"
"20","bm1to1",0.0275253749008559,20,"1-4-5"
"21","bm1to1",0.02852056398547,21,"1-4-6"
"22","bm1to1",0.0269800541816724,22,"1-4-7"
"23","bm1to1",0.0289719217560899,23,"1-4-8"
"24","bm1to1",0.0305095553983109,24,"1-4-9"
"25","bm1to1",0.03395660130549,25,"1-4-10"
"26","bm1to1",0.029162308884125,26,"1-4-11"
"27","bm1to1",0.0326710728817125,27,"1-4-12"
"28","bm1to1",0.0331089192540474,28,"1-5-6"
"29","bm1to1",0.0283071989614027,29,"1-5-7"
"30","bm1to1",0.0303991493784094,30,"1-5-8"
"31","bm1to1",0.0316398895294667,31,"1-5-9"
"32","bm1to1",0.0348779605597009,32,"1-5-10"
"33","bm1to1",0.0298939443440697,33,"1-5-11"
"34","bm1to1",0.0334382491591698,34,"1-5-12"
"35","bm1to1",0.0297040593637184,35,"1-6-7"
"36","bm1to1",0.0316471092941557,36,"1-6-8"
"37","bm1to1",0.0329155070799358,37,"1-6-9"
"38","bm1to1",0.0360703527088259,38,"1-6-10"
"39","bm1to1",0.0313794732122272,39,"1-6-11"
"40","bm1to1",0.0347388457141629,40,"1-6-12"
"41","bm1to1",0.0289166989916862,41,"1-7-8"
"42","bm1to1",0.0303400593038916,42,"1-7-9"
"43","bm1to1",0.0337536933718477,43,"1-7-10"
"44","bm1to1",0.0287452360569297,44,"1-7-11"
"45","bm1to1",0.0323598725226412,45,"1-7-12"
"46","bm1to1",0.0322057112335128,46,"1-8-9"
"47","bm1to1",0.0354389690059085,47,"1-8-10"
"48","bm1to1",0.030702774860365,48,"1-8-11"
"49","bm1to1",0.0341118823568493,49,"1-8-12"
"50","bm1to1",0.0366101483833028,50,"1-9-10"
"51","bm1to1",0.0320505632949058,51,"1-9-11"
"52","bm1to1",0.03532884624954,52,"1-9-12"
"53","bm1to1",0.0353002250953831,53,"1-10-11"
"54","bm1to1",0.0383009461963242,54,"1-10-12"
"55","bm1to1",0.0339729177858809,55,"1-11-12"
"56","bm1to1",0.0908425533316473,56,"2-3-4"
"57","bm1to1",0.0365522587063134,57,"2-3-5"
"58","bm1to1",0.0401633619325701,58,"2-3-6"
"59","bm1to1",0.0412434462802741,59,"2-3-7"
"60","bm1to1",0.0421931015123667,60,"2-3-8"
"61","bm1to1",0.0434077349025843,61,"2-3-9"
"62","bm1to1",0.045973334718068,62,"2-3-10"
"63","bm1to1",0.0428494171418845,63,"2-3-11"
"64","bm1to1",0.0452043276051801,64,"2-3-12"
"65","bm1to1",0.0271518749679537,65,"2-4-5"
"66","bm1to1",0.0211441687710137,66,"2-4-6"
"67","bm1to1",0.00839408625697667,67,"2-4-7"
"68","bm1to1",0.0139898890560511,68,"2-4-8"
"69","bm1to1",0.0163262246357607,69,"2-4-9"
"70","bm1to1",0.0218894675629209,70,"2-4-10"
"71","bm1to1",0.0121847255662624,71,"2-4-11"
"72","bm1to1",0.0193862729604811,72,"2-4-12"
"73","bm1to1",0.0318491525816623,73,"2-5-6"
"74","bm1to1",0.0237902604375281,74,"2-5-7"
"75","bm1to1",0.0263335256033401,75,"2-5-8"
"76","bm1to1",0.0275361106048934,76,"2-5-9"
"77","bm1to1",0.0311131803799918,77,"2-5-10"
"78","bm1to1",0.025081443027037,78,"2-5-11"
"79","bm1to1",0.0293177048724241,79,"2-5-12"
"80","bm1to1",0.0205541579094356,80,"2-6-7"
"81","bm1to1",0.0234165267661766,81,"2-6-8"
"82","bm1to1",0.0248564765194164,82,"2-6-9"
"83","bm1to1",0.0288058855616943,83,"2-6-10"
"84","bm1to1",0.022291981830042,84,"2-6-11"
"85","bm1to1",0.0269282869412635,85,"2-6-12"
"86","bm1to1",0.0145414259735526,86,"2-7-8"
"87","bm1to1",0.0168485341734254,87,"2-7-9"
"88","bm1to1",0.0222969412235816,88,"2-7-10"
"89","bm1to1",0.0129704134415277,89,"2-7-11"
"90","bm1to1",0.0198740779202216,90,"2-7-12"
"91","bm1to1",0.0202034915623898,91,"2-8-9"
"92","bm1to1",0.0249279994779517,92,"2-8-10"
"93","bm1to1",0.0170972119573785,93,"2-8-11"
"94","bm1to1",0.0227843140055554,94,"2-8-12"
"95","bm1to1",0.0263439085448508,95,"2-9-10"
"96","bm1to1",0.0191098762212239,96,"2-9-11"
"97","bm1to1",0.0243288972933246,97,"2-9-12"
"98","bm1to1",0.0240557400628038,98,"2-10-11"
"99","bm1to1",0.0283784876918614,99,"2-10-12"
"100","bm1to1",0.0218378927163299,100,"2-11-12"
"101","bm1to1",0.0306545370506865,101,"3-4-5"
"102","bm1to1",0.0379066215315101,102,"3-4-6"
"103","bm1to1",0.0432641219163294,103,"3-4-7"
"104","bm1to1",0.0434822559659801,104,"3-4-8"
"105","bm1to1",0.0449747479344212,105,"3-4-9"
"106","bm1to1",0.0476159605418153,106,"3-4-10"
"107","bm1to1",0.0451891098660756,107,"3-4-11"
"108","bm1to1",0.047216053712638,108,"3-4-12"
"109","bm1to1",0.0326104876693559,109,"3-5-6"
"110","bm1to1",0.0285837164128451,110,"3-5-7"
"111","bm1to1",0.0305763127712345,111,"3-5-8"
"112","bm1to1",0.0318725150224957,112,"3-5-9"
"113","bm1to1",0.0351183753819413,113,"3-5-10"
"114","bm1to1",0.030287058413595,114,"3-5-11"
"115","bm1to1",0.0337514851735687,115,"3-5-12"
"116","bm1to1",0.0304469457873483,116,"3-6-7"
"117","bm1to1",0.0322366302659189,117,"3-6-8"
"118","bm1to1",0.033539797991402,118,"3-6-9"
"119","bm1to1",0.036669795681563,119,"3-6-10"
"120","bm1to1",0.0321827105919005,120,"3-6-11"
"121","bm1to1",0.0354256010965038,121,"3-6-12"
"122","bm1to1",0.0304124061295852,122,"3-7-8"
"123","bm1to1",0.0318502120721911,123,"3-7-9"
"124","bm1to1",0.0351583789951556,124,"3-7-10"
"125","bm1to1",0.0305491635660452,125,"3-7-11"
"126","bm1to1",0.0339148772121093,126,"3-7-12"
"127","bm1to1",0.0334827602810432,127,"3-8-9"
"128","bm1to1",0.0366408822935999,128,"3-8-10"
"129","bm1to1",0.0322334799648191,129,"3-8-11"
"130","bm1to1",0.0354432993367637,130,"3-8-12"
"131","bm1to1",0.0378422523077434,131,"3-9-10"
"132","bm1to1",0.033599072811669,132,"3-9-11"
"133","bm1to1",0.0366874752130292,133,"3-9-12"
"134","bm1to1",0.0367528062698497,134,"3-10-11"
"135","bm1to1",0.0395949655164255,135,"3-10-12"
"136","bm1to1",0.0355706360399653,136,"3-11-12"
"137","bm1to1",0.0378172866528418,137,"4-5-6"
"138","bm1to1",0.0284864132716305,138,"4-5-7"
"139","bm1to1",0.0306588979287039,139,"4-5-8"
"140","bm1to1",0.03152426518019,140,"4-5-9"
"141","bm1to1",0.0346228609411137,141,"4-5-10"
"142","bm1to1",0.0290941214619344,142,"4-5-11"
"143","bm1to1",0.0328906431122327,143,"4-5-12"
"144","bm1to1",0.0223128905166148,144,"4-6-7"
"145","bm1to1",0.0250179868699877,145,"4-6-8"
"146","bm1to1",0.0262392659819693,146,"4-6-9"
"147","bm1to1",0.0299554397460347,147,"4-6-10"
"148","bm1to1",0.0235736862107285,148,"4-6-11"
"149","bm1to1",0.028055930197973,149,"4-6-12"
"150","bm1to1",0.0144387845571839,150,"4-7-8"
"151","bm1to1",0.0166099810392206,151,"4-7-9"
"152","bm1to1",0.0220656361521373,152,"4-7-10"
"153","bm1to1",0.012306337890623,153,"4-7-11"
"154","bm1to1",0.0195087177817372,154,"4-7-12"
"155","bm1to1",0.0200638946656805,155,"4-8-9"
"156","bm1to1",0.0247690299447539,156,"4-8-10"
"157","bm1to1",0.0166701273087542,157,"4-8-11"
"158","bm1to1",0.0225188643279736,158,"4-8-12"
"159","bm1to1",0.0261012985846811,159,"4-9-10"
"160","bm1to1",0.0186036684241633,160,"4-9-11"
"161","bm1to1",0.0239821535031288,161,"4-9-12"
"162","bm1to1",0.0236105217195943,162,"4-10-11"
"163","bm1to1",0.0280433809005941,163,"4-10-12"
"164","bm1to1",0.0212556823916908,164,"4-11-12"
"165","bm1to1",0.0327865835990399,165,"5-6-7"
"166","bm1to1",0.0346854245889779,166,"5-6-8"
"167","bm1to1",0.0355364722426482,167,"5-6-9"
"168","bm1to1",0.0383455284617496,168,"5-6-10"
"169","bm1to1",0.03354199659274,169,"5-6-11"
"170","bm1to1",0.0368492322473889,170,"5-6-12"
"171","bm1to1",0.0271992328748042,171,"5-7-8"
"172","bm1to1",0.0283402303247817,172,"5-7-9"
"173","bm1to1",0.0318168225828105,173,"5-7-10"
"174","bm1to1",0.0259126111483773,174,"5-7-11"
"175","bm1to1",0.0300436539771185,175,"5-7-12"
"176","bm1to1",0.0305099934336523,176,"5-8-9"
"177","bm1to1",0.0337636005891211,177,"5-8-10"
"178","bm1to1",0.0282678871150498,178,"5-8-11"
"179","bm1to1",0.0320975750640761,179,"5-8-12"
"180","bm1to1",0.0346939511752276,180,"5-9-10"
"181","bm1to1",0.0293782128701782,181,"5-9-11"
"182","bm1to1",0.033077838810805,182,"5-9-12"
"183","bm1to1",0.0327491198277727,183,"5-10-11"
"184","bm1to1",0.0361042483838579,184,"5-10-12"
"185","bm1to1",0.0310373901982888,185,"5-11-12"
"186","bm1to1",0.0237445512574775,186,"6-7-8"
"187","bm1to1",0.025127949055933,187,"6-7-9"
"188","bm1to1",0.0290252307380593,188,"6-7-10"
"189","bm1to1",0.022516988020021,189,"6-7-11"
"190","bm1to1",0.0271327433899805,190,"6-7-12"
"191","bm1to1",0.0275315289639423,191,"6-8-9"
"192","bm1to1",0.0311287991313796,192,"6-8-10"
"193","bm1to1",0.0251685489248833,193,"6-8-11"
"194","bm1to1",0.0293711264894794,194,"6-8-12"
"195","bm1to1",0.0321999608311055,195,"6-9-10"
"196","bm1to1",0.026486922689911,196,"6-9-11"
"197","bm1to1",0.0305068208996179,197,"6-9-12"
"198","bm1to1",0.0302130883390632,198,"6-10-11"
"199","bm1to1",0.0337919351343773,199,"6-10-12"
"200","bm1to1",0.02840697007862,200,"6-11-12"
"201","bm1to1",0.0198838970900613,201,"7-8-9"
"202","bm1to1",0.0246491545393877,202,"7-8-10"
"203","bm1to1",0.0165975132093547,203,"7-8-11"
"204","bm1to1",0.0224368475424889,204,"7-8-12"
"205","bm1to1",0.0260383553141758,205,"7-9-10"
"206","bm1to1",0.0186047912859231,206,"7-9-11"
"207","bm1to1",0.0239579220900104,207,"7-9-12"
"208","bm1to1",0.0236344451667075,208,"7-10-11"
"209","bm1to1",0.0280426231741041,209,"7-10-12"
"210","bm1to1",0.0213272827435075,210,"7-11-12"
"211","bm1to1",0.0283443135782209,211,"8-9-10"
"212","bm1to1",0.0217122474751226,212,"8-9-11"
"213","bm1to1",0.0264444795478021,213,"8-9-12"
"214","bm1to1",0.0261501152994454,214,"8-10-11"
"215","bm1to1",0.030193965987568,215,"8-10-12"
"216","bm1to1",0.0240835382288956,216,"8-11-12"
"217","bm1to1",0.0274711068756587,217,"9-10-11"
"218","bm1to1",0.0313435665495198,218,"9-10-12"
"219","bm1to1",0.0255147341271171,219,"9-11-12"
"220","bm1to1",0.0293870686876929,220,"10-11-12"
"221","bm1to2.deg.add",0.147178017665791,1,"1-2-3"
"222","bm1to2.deg.add",0.0814668131261374,2,"1-2-4"
"223","bm1to2.deg.add",0.0782236806901223,3,"1-2-5"
"224","bm1to2.deg.add",0.0768330231114085,4,"1-2-6"
"225","bm1to2.deg.add",0.0869051036746858,5,"1-2-7"
"226","bm1to2.deg.add",0.077772540658119,6,"1-2-8"
"227","bm1to2.deg.add",0.0784169263750241,7,"1-2-9"
"228","bm1to2.deg.add",0.0803565310924496,8,"1-2-10"
"229","bm1to2.deg.add",0.0824155321773681,9,"1-2-11"
"230","bm1to2.deg.add",0.0821213879432273,10,"1-2-12"
"231","bm1to2.deg.add",0.0306353883917348,11,"1-3-4"
"232","bm1to2.deg.add",0.0163549338647099,12,"1-3-5"
"233","bm1to2.deg.add",0.0172361018735858,13,"1-3-6"
"234","bm1to2.deg.add",0.0183629375355688,14,"1-3-7"
"235","bm1to2.deg.add",0.0186269460182306,15,"1-3-8"
"236","bm1to2.deg.add",0.0211194684494291,16,"1-3-9"
"237","bm1to2.deg.add",0.0260261473967288,17,"1-3-10"
"238","bm1to2.deg.add",0.0206588814833334,18,"1-3-11"
"239","bm1to2.deg.add",0.0249497128769102,19,"1-3-12"
"240","bm1to2.deg.add",0.0122621879226289,20,"1-4-5"
"241","bm1to2.deg.add",0.0138896781583189,21,"1-4-6"
"242","bm1to2.deg.add",0.0182023475085979,22,"1-4-7"
"243","bm1to2.deg.add",0.0168169237685633,23,"1-4-8"
"244","bm1to2.deg.add",0.0196543703828597,24,"1-4-9"
"245","bm1to2.deg.add",0.0249458901812438,25,"1-4-10"
"246","bm1to2.deg.add",0.0199750560536564,26,"1-4-11"
"247","bm1to2.deg.add",0.024151190611247,27,"1-4-12"
"248","bm1to2.deg.add",0.0183996198531024,28,"1-5-6"
"249","bm1to2.deg.add",0.0115184552756659,29,"1-5-7"
"250","bm1to2.deg.add",0.0148245798433349,30,"1-5-8"
"251","bm1to2.deg.add",0.0175598637713657,31,"1-5-9"
"252","bm1to2.deg.add",0.0230502580649767,32,"1-5-10"
"253","bm1to2.deg.add",0.0155857006854749,33,"1-5-11"
"254","bm1to2.deg.add",0.0212894434237457,34,"1-5-12"
"255","bm1to2.deg.add",0.0117592423541224,35,"1-6-7"
"256","bm1to2.deg.add",0.0143139761087963,36,"1-6-8"
"257","bm1to2.deg.add",0.0172589457583863,37,"1-6-9"
"258","bm1to2.deg.add",0.0228862600465253,38,"1-6-10"
"259","bm1to2.deg.add",0.0157205574450013,39,"1-6-11"
"260","bm1to2.deg.add",0.021285324508717,40,"1-6-12"
"261","bm1to2.deg.add",0.013167742110359,41,"1-7-8"
"262","bm1to2.deg.add",0.0164896468191762,42,"1-7-9"
"263","bm1to2.deg.add",0.0224135417362358,43,"1-7-10"
"264","bm1to2.deg.add",0.0157267354344728,44,"1-7-11"
"265","bm1to2.deg.add",0.0210889639519997,45,"1-7-12"
"266","bm1to2.deg.add",0.0177068530648112,46,"1-8-9"
"267","bm1to2.deg.add",0.0232847215464044,47,"1-8-10"
"268","bm1to2.deg.add",0.0166688137394431,48,"1-8-11"
"269","bm1to2.deg.add",0.0218863781366132,49,"1-8-12"
"270","bm1to2.deg.add",0.0252814246981022,50,"1-9-10"
"271","bm1to2.deg.add",0.0193868807588626,51,"1-9-11"
"272","bm1to2.deg.add",0.0240127941499918,52,"1-9-12"
"273","bm1to2.deg.add",0.0246136711063792,53,"1-10-11"
"274","bm1to2.deg.add",0.0283941475107746,54,"1-10-12"
"275","bm1to2.deg.add",0.023380922120486,55,"1-11-12"
"276","bm1to2.deg.add",0.0331375008663988,56,"2-3-4"
"277","bm1to2.deg.add",0.016266031839374,57,"2-3-5"
"278","bm1to2.deg.add",0.0172864694636169,58,"2-3-6"
"279","bm1to2.deg.add",0.0179428951186185,59,"2-3-7"
"280","bm1to2.deg.add",0.0185970266340977,60,"2-3-8"
"281","bm1to2.deg.add",0.0210793725736437,61,"2-3-9"
"282","bm1to2.deg.add",0.0259760281678019,62,"2-3-10"
"283","bm1to2.deg.add",0.0204389982412575,63,"2-3-11"
"284","bm1to2.deg.add",0.0248242978269641,64,"2-3-12"
"285","bm1to2.deg.add",0.0123843029081651,65,"2-4-5"
"286","bm1to2.deg.add",0.0108156841862353,66,"2-4-6"
"287","bm1to2.deg.add",0.00694762572357643,67,"2-4-7"
"288","bm1to2.deg.add",0.0104120191664451,68,"2-4-8"
"289","bm1to2.deg.add",0.0142359946098263,69,"2-4-9"
"290","bm1to2.deg.add",0.0207218831654564,70,"2-4-10"
"291","bm1to2.deg.add",0.0124546387501205,71,"2-4-11"
"292","bm1to2.deg.add",0.0189831553198386,72,"2-4-12"
"293","bm1to2.deg.add",0.0194626629366248,73,"2-5-6"
"294","bm1to2.deg.add",0.0126308314146863,74,"2-5-7"
"295","bm1to2.deg.add",0.0162245401700525,75,"2-5-8"
"296","bm1to2.deg.add",0.0186704644069045,76,"2-5-9"
"297","bm1to2.deg.add",0.0238573166029412,77,"2-5-10"
"298","bm1to2.deg.add",0.0163692671951105,78,"2-5-11"
"299","bm1to2.deg.add",0.0219971406584222,79,"2-5-12"
"300","bm1to2.deg.add",0.0111293218040077,80,"2-6-7"
"301","bm1to2.deg.add",0.0147039120506671,81,"2-6-8"
"302","bm1to2.deg.add",0.0174566673064529,82,"2-6-9"
"303","bm1to2.deg.add",0.0229630726295004,83,"2-6-10"
"304","bm1to2.deg.add",0.015292074700802,84,"2-6-11"
"305","bm1to2.deg.add",0.0211376490101,85,"2-6-12"
"306","bm1to2.deg.add",0.00975389028744587,86,"2-7-8"
"307","bm1to2.deg.add",0.0136707874860693,87,"2-7-9"
"308","bm1to2.deg.add",0.0202891579995744,88,"2-7-10"
"309","bm1to2.deg.add",0.0112902035918508,89,"2-7-11"
"310","bm1to2.deg.add",0.0183522726207787,90,"2-7-12"
"311","bm1to2.deg.add",0.0163774615944433,91,"2-8-9"
"312","bm1to2.deg.add",0.0221889261607472,92,"2-8-10"
"313","bm1to2.deg.add",0.0143303313723823,93,"2-8-11"
"314","bm1to2.deg.add",0.0203913601685067,94,"2-8-12"
"315","bm1to2.deg.add",0.0241562749734407,95,"2-9-10"
"316","bm1to2.deg.add",0.0172359543953179,96,"2-9-11"
"317","bm1to2.deg.add",0.0225236833947534,97,"2-9-12"
"318","bm1to2.deg.add",0.0228431441726603,98,"2-10-11"
"319","bm1to2.deg.add",0.0270535745719678,99,"2-10-12"
"320","bm1to2.deg.add",0.0211392365815446,100,"2-11-12"
"321","bm1to2.deg.add",0.0311403458372725,101,"3-4-5"
"322","bm1to2.deg.add",0.027285659101004,102,"3-4-6"
"323","bm1to2.deg.add",0.0311973534243435,103,"3-4-7"
"324","bm1to2.deg.add",0.0286467891364558,104,"3-4-8"
"325","bm1to2.deg.add",0.0303989048517498,105,"3-4-9"
"326","bm1to2.deg.add",0.0341288071285437,106,"3-4-10"
"327","bm1to2.deg.add",0.0311819882040733,107,"3-4-11"
"328","bm1to2.deg.add",0.0338267645370445,108,"3-4-12"
"329","bm1to2.deg.add",0.018074614979724,109,"3-5-6"
"330","bm1to2.deg.add",0.0166173513557277,110,"3-5-7"
"331","bm1to2.deg.add",0.0181204110968181,111,"3-5-8"
"332","bm1to2.deg.add",0.0205834366202463,112,"3-5-9"
"333","bm1to2.deg.add",0.0255194552213235,113,"3-5-10"
"334","bm1to2.deg.add",0.0195201087783194,114,"3-5-11"
"335","bm1to2.deg.add",0.0241783948071769,115,"3-5-12"
"336","bm1to2.deg.add",0.0175444308750335,116,"3-6-7"
"337","bm1to2.deg.add",0.0188512130185368,117,"3-6-8"
"338","bm1to2.deg.add",0.0212475396052689,118,"3-6-9"
"339","bm1to2.deg.add",0.0260695345764115,119,"3-6-10"
"340","bm1to2.deg.add",0.0202873992908988,120,"3-6-11"
"341","bm1to2.deg.add",0.024787584257628,121,"3-6-12"
"342","bm1to2.deg.add",0.018786921751219,122,"3-7-8"
"343","bm1to2.deg.add",0.0212430577897,123,"3-7-9"
"344","bm1to2.deg.add",0.0261074393579696,124,"3-7-10"
"345","bm1to2.deg.add",0.0206004851220878,125,"3-7-11"
"346","bm1to2.deg.add",0.0249590215518935,126,"3-7-12"
"347","bm1to2.deg.add",0.0220645034206985,127,"3-8-9"
"348","bm1to2.deg.add",0.026760053296359,128,"3-8-10"
"349","bm1to2.deg.add",0.0212893786110416,129,"3-8-11"
"350","bm1to2.deg.add",0.0255750383520975,130,"3-8-12"
"351","bm1to2.deg.add",0.0285231829491201,131,"3-9-10"
"352","bm1to2.deg.add",0.023477424174682,132,"3-9-11"
"353","bm1to2.deg.add",0.0274198267419143,133,"3-9-12"
"354","bm1to2.deg.add",0.0279488517273911,134,"3-10-11"
"355","bm1to2.deg.add",0.0313304729464914,135,"3-10-12"
"356","bm1to2.deg.add",0.0268563268965988,136,"3-11-12"
"357","bm1to2.deg.add",0.0192105692947382,137,"4-5-6"
"358","bm1to2.deg.add",0.010673571246816,138,"4-5-7"
"359","bm1to2.deg.add",0.014760124547601,139,"4-5-8"
"360","bm1to2.deg.add",0.0174070124954277,140,"4-5-9"
"361","bm1to2.deg.add",0.02288142042377,141,"4-5-10"
"362","bm1to2.deg.add",0.014955226777998,142,"4-5-11"
"363","bm1to2.deg.add",0.0209460459866865,143,"4-5-12"
"364","bm1to2.deg.add",0.0101503205713361,144,"4-6-7"
"365","bm1to2.deg.add",0.0136261299673963,145,"4-6-8"
"366","bm1to2.deg.add",0.0166152007553537,146,"4-6-9"
"367","bm1to2.deg.add",0.0223598042190958,147,"4-6-10"
"368","bm1to2.deg.add",0.0145983068649245,148,"4-6-11"
"369","bm1to2.deg.add",0.0205734036829178,149,"4-6-12"
"370","bm1to2.deg.add",0.010444568547657,150,"4-7-8"
"371","bm1to2.deg.add",0.014298280263245,151,"4-7-9"
"372","bm1to2.deg.add",0.0207857917348436,152,"4-7-10"
"373","bm1to2.deg.add",0.0127227740377925,153,"4-7-11"
"374","bm1to2.deg.add",0.0191176070443823,154,"4-7-12"
"375","bm1to2.deg.add",0.0163396479701889,155,"4-8-9"
"376","bm1to2.deg.add",0.0222102042448954,156,"4-8-10"
"377","bm1to2.deg.add",0.0147250320157745,157,"4-8-11"
"378","bm1to2.deg.add",0.0205661264501707,158,"4-8-12"
"379","bm1to2.deg.add",0.0242380545634925,159,"4-9-10"
"380","bm1to2.deg.add",0.0176596971515022,160,"4-9-11"
"381","bm1to2.deg.add",0.0227524431971769,161,"4-9-12"
"382","bm1to2.deg.add",0.0232206874017297,162,"4-10-11"
"383","bm1to2.deg.add",0.0272898748358345,163,"4-10-12"
"384","bm1to2.deg.add",0.0217204575865294,164,"4-11-12"
"385","bm1to2.deg.add",0.0179753134165185,165,"5-6-7"
"386","bm1to2.deg.add",0.0209687829193639,166,"5-6-8"
"387","bm1to2.deg.add",0.0228139540553444,167,"5-6-9"
"388","bm1to2.deg.add",0.0271726964886569,168,"5-6-10"
"389","bm1to2.deg.add",0.0206555653052413,169,"5-6-11"
"390","bm1to2.deg.add",0.0254289509065197,170,"5-6-12"
"391","bm1to2.deg.add",0.0149789949164102,171,"5-7-8"
"392","bm1to2.deg.add",0.0176309238032804,172,"5-7-9"
"393","bm1to2.deg.add",0.0230674778971491,173,"5-7-10"
"394","bm1to2.deg.add",0.0152796875841169,174,"5-7-11"
"395","bm1to2.deg.add",0.0211753481126754,175,"5-7-12"
"396","bm1to2.deg.add",0.0203336143814766,176,"5-8-9"
"397","bm1to2.deg.add",0.0251797848960851,177,"5-8-10"
"398","bm1to2.deg.add",0.0182360365194905,178,"5-8-11"
"399","bm1to2.deg.add",0.0234220656085839,179,"5-8-12"
"400","bm1to2.deg.add",0.0268316246971316,180,"5-9-10"
"401","bm1to2.deg.add",0.0204766578809711,181,"5-9-11"
"402","bm1to2.deg.add",0.0251995313962742,182,"5-9-12"
"403","bm1to2.deg.add",0.025312310656814,183,"5-10-11"
"404","bm1to2.deg.add",0.0292615137298838,184,"5-10-12"
"405","bm1to2.deg.add",0.0236086973057384,185,"5-11-12"
"406","bm1to2.deg.add",0.0138206885491442,186,"6-7-8"
"407","bm1to2.deg.add",0.0167406913382036,187,"6-7-9"
"408","bm1to2.deg.add",0.0224335521392289,188,"6-7-10"
"409","bm1to2.deg.add",0.0145455216431515,189,"6-7-11"
"410","bm1to2.deg.add",0.0205873768195001,190,"6-7-12"
"411","bm1to2.deg.add",0.0193063566250784,191,"6-8-9"
"412","bm1to2.deg.add",0.0243952670423012,192,"6-8-10"
"413","bm1to2.deg.add",0.01734398291621,193,"6-8-11"
"414","bm1to2.deg.add",0.0226741448801027,194,"6-8-12"
"415","bm1to2.deg.add",0.0261500766490203,195,"6-9-10"
"416","bm1to2.deg.add",0.0197520778935201,196,"6-9-11"
"417","bm1to2.deg.add",0.0245601732509663,197,"6-9-12"
"418","bm1to2.deg.add",0.0247631605234614,198,"6-10-11"
"419","bm1to2.deg.add",0.0287421025875074,199,"6-10-12"
"420","bm1to2.deg.add",0.0231065355035889,200,"6-11-12"
"421","bm1to2.deg.add",0.0158518964968466,201,"7-8-9"
"422","bm1to2.deg.add",0.0218125367574217,202,"7-8-10"
"423","bm1to2.deg.add",0.0137969733458798,203,"7-8-11"
"424","bm1to2.deg.add",0.0200048895490495,204,"7-8-12"
"425","bm1to2.deg.add",0.0238226276234511,205,"7-9-10"
"426","bm1to2.deg.add",0.0168113839204498,206,"7-9-11"
"427","bm1to2.deg.add",0.0221867809083638,207,"7-9-12"
"428","bm1to2.deg.add",0.0225328650745998,208,"7-10-11"
"429","bm1to2.deg.add",0.026780731895731,209,"7-10-12"
"430","bm1to2.deg.add",0.0208267980620195,210,"7-11-12"
"431","bm1to2.deg.add",0.0254761299650012,211,"8-9-10"
"432","bm1to2.deg.add",0.0190127122491166,212,"8-9-11"
"433","bm1to2.deg.add",0.0239199634163582,213,"8-9-12"
"434","bm1to2.deg.add",0.0242068643854476,214,"8-10-11"
"435","bm1to2.deg.add",0.0282224638794238,215,"8-10-12"
"436","bm1to2.deg.add",0.0225902801145261,216,"8-11-12"
"437","bm1to2.deg.add",0.0260321993411935,217,"9-10-11"
"438","bm1to2.deg.add",0.0297994738463389,218,"9-10-12"
"439","bm1to2.deg.add",0.024542533139798,219,"9-11-12"
"440","bm1to2.deg.add",0.0287620327301401,220,"10-11-12"
"441","bm1to2.deg",0.147181667827096,1,"1-2-3"
"442","bm1to2.deg",0.0814695250132132,2,"1-2-4"
"443","bm1to2.deg",0.0782301315979823,3,"1-2-5"
"444","bm1to2.deg",0.0768362697353443,4,"1-2-6"
"445","bm1to2.deg",0.0869086737248782,5,"1-2-7"
"446","bm1to2.deg",0.0777770198960521,6,"1-2-8"
"447","bm1to2.deg",0.0784212345920746,7,"1-2-9"
"448","bm1to2.deg",0.08035978034869,8,"1-2-10"
"449","bm1to2.deg",0.0824202170511187,9,"1-2-11"
"450","bm1to2.deg",0.0821255895870272,10,"1-2-12"
"451","bm1to2.deg",0.0306368496610955,11,"1-3-4"
"452","bm1to2.deg",0.0163559412799063,12,"1-3-5"
"453","bm1to2.deg",0.0172371508519375,13,"1-3-6"
"454","bm1to2.deg",0.0183640076839576,14,"1-3-7"
"455","bm1to2.deg",0.0186280934230352,15,"1-3-8"
"456","bm1to2.deg",0.0211205003889972,16,"1-3-9"
"457","bm1to2.deg",0.0260269978390121,17,"1-3-10"
"458","bm1to2.deg",0.0206601109775674,18,"1-3-11"
"459","bm1to2.deg",0.0249506030014069,19,"1-3-12"
"460","bm1to2.deg",0.0122648831141708,20,"1-4-5"
"461","bm1to2.deg",0.0138914535959175,21,"1-4-6"
"462","bm1to2.deg",0.0182050221054243,22,"1-4-7"
"463","bm1to2.deg",0.0168188027020488,23,"1-4-8"
"464","bm1to2.deg",0.0196560047355874,24,"1-4-9"
"465","bm1to2.deg",0.0249471819358513,25,"1-4-10"
"466","bm1to2.deg",0.0199774965627171,26,"1-4-11"
"467","bm1to2.deg",0.0241529270403713,27,"1-4-12"
"468","bm1to2.deg",0.0184003988056695,28,"1-5-6"
"469","bm1to2.deg",0.0115200754803214,29,"1-5-7"
"470","bm1to2.deg",0.014825434401693,30,"1-5-8"
"471","bm1to2.deg",0.0175606018459111,31,"1-5-9"
"472","bm1to2.deg",0.0230508280645557,32,"1-5-10"
"473","bm1to2.deg",0.0155865760810573,33,"1-5-11"
"474","bm1to2.deg",0.0212901139133725,34,"1-5-12"
"475","bm1to2.deg",0.0117609088943643,35,"1-6-7"
"476","bm1to2.deg",0.0143151086403424,36,"1-6-8"
"477","bm1to2.deg",0.0172600687858773,37,"1-6-9"
"478","bm1to2.deg",0.0228871112246122,38,"1-6-10"
"479","bm1to2.deg",0.0157218140785232,39,"1-6-11"
"480","bm1to2.deg",0.0212860590342877,40,"1-6-12"
"481","bm1to2.deg",0.013170275692517,41,"1-7-8"
"482","bm1to2.deg",0.0164917581977581,42,"1-7-9"
"483","bm1to2.deg",0.0224151565178964,43,"1-7-10"
"484","bm1to2.deg",0.0157292171894693,44,"1-7-11"
"485","bm1to2.deg",0.0210900178319331,45,"1-7-12"
"486","bm1to2.deg",0.017708161455053,46,"1-8-9"
"487","bm1to2.deg",0.0232856907486267,47,"1-8-10"
"488","bm1to2.deg",0.0166707321635002,48,"1-8-11"
"489","bm1to2.deg",0.0218873673879031,49,"1-8-12"
"490","bm1to2.deg",0.025282527472056,50,"1-9-10"
"491","bm1to2.deg",0.0193885886214385,51,"1-9-11"
"492","bm1to2.deg",0.0240137375088873,52,"1-9-12"
"493","bm1to2.deg",0.0246147072492052,53,"1-10-11"
"494","bm1to2.deg",0.0283949763129638,54,"1-10-12"
"495","bm1to2.deg",0.0233825422304434,55,"1-11-12"
"496","bm1to2.deg",0.0331395149012884,56,"2-3-4"
"497","bm1to2.deg",0.0162671354359067,57,"2-3-5"
"498","bm1to2.deg",0.0172877610959057,58,"2-3-6"
"499","bm1to2.deg",0.0179440493201064,59,"2-3-7"
"500","bm1to2.deg",0.0185982030783396,60,"2-3-8"
"501","bm1to2.deg",0.0210804167691298,61,"2-3-9"
"502","bm1to2.deg",0.0259768706206347,62,"2-3-10"
"503","bm1to2.deg",0.0204399713088394,63,"2-3-11"
"504","bm1to2.deg",0.0248251572580137,64,"2-3-12"
"505","bm1to2.deg",0.0123845031945405,65,"2-4-5"
"506","bm1to2.deg",0.0108158278098655,66,"2-4-6"
"507","bm1to2.deg",0.00694661101160085,67,"2-4-7"
"508","bm1to2.deg",0.0104118931258449,68,"2-4-8"
"509","bm1to2.deg",0.0142359309197949,69,"2-4-9"
"510","bm1to2.deg",0.0207217111632595,70,"2-4-10"
"511","bm1to2.deg",0.0124542036061296,71,"2-4-11"
"512","bm1to2.deg",0.0189831067294609,72,"2-4-12"
"513","bm1to2.deg",0.0194635429497153,73,"2-5-6"
"514","bm1to2.deg",0.0126310822724254,74,"2-5-7"
"515","bm1to2.deg",0.0162247906668047,75,"2-5-8"
"516","bm1to2.deg",0.0186707773048478,76,"2-5-9"
"517","bm1to2.deg",0.0238574754396911,77,"2-5-10"
"518","bm1to2.deg",0.0163694087483843,78,"2-5-11"
"519","bm1to2.deg",0.0219973760076979,79,"2-5-12"
"520","bm1to2.deg",0.0111295661926251,80,"2-6-7"
"521","bm1to2.deg",0.0147041101236692,81,"2-6-8"
"522","bm1to2.deg",0.017456837086651,82,"2-6-9"
"523","bm1to2.deg",0.0229631720530741,83,"2-6-10"
"524","bm1to2.deg",0.0152922300197919,84,"2-6-11"
"525","bm1to2.deg",0.0211377183650645,85,"2-6-12"
"526","bm1to2.deg",0.00975366306853002,86,"2-7-8"
"527","bm1to2.deg",0.0136705916278544,87,"2-7-9"
"528","bm1to2.deg",0.0202890171598262,88,"2-7-10"
"529","bm1to2.deg",0.0112898020343649,89,"2-7-11"
"530","bm1to2.deg",0.018352080474006,90,"2-7-12"
"531","bm1to2.deg",0.016377433486234,91,"2-8-9"
"532","bm1to2.deg",0.0221888917184141,92,"2-8-10"
"533","bm1to2.deg",0.0143301709253493,93,"2-8-11"
"534","bm1to2.deg",0.020391284913096,94,"2-8-12"
"535","bm1to2.deg",0.0241562275332219,95,"2-9-10"
"536","bm1to2.deg",0.0172358040598099,96,"2-9-11"
"537","bm1to2.deg",0.0225235909427832,97,"2-9-12"
"538","bm1to2.deg",0.0228430337258492,98,"2-10-11"
"539","bm1to2.deg",0.0270534878579589,99,"2-10-12"
"540","bm1to2.deg",0.0211390724657994,100,"2-11-12"
"541","bm1to2.deg",0.0311409417259697,101,"3-4-5"
"542","bm1to2.deg",0.0272864364075567,102,"3-4-6"
"543","bm1to2.deg",0.0311982492040099,103,"3-4-7"
"544","bm1to2.deg",0.0286477697215484,104,"3-4-8"
"545","bm1to2.deg",0.0303998484607066,105,"3-4-9"
"546","bm1to2.deg",0.0341296559967917,106,"3-4-10"
"547","bm1to2.deg",0.0311829265812223,107,"3-4-11"
"548","bm1to2.deg",0.0338276311174503,108,"3-4-12"
"549","bm1to2.deg",0.0180755120295442,109,"3-5-6"
"550","bm1to2.deg",0.0166181831299788,110,"3-5-7"
"551","bm1to2.deg",0.018121195902272,111,"3-5-8"
"552","bm1to2.deg",0.0205841022354301,112,"3-5-9"
"553","bm1to2.deg",0.0255200041290421,113,"3-5-10"
"554","bm1to2.deg",0.0195207843613296,114,"3-5-11"
"555","bm1to2.deg",0.0241789446147973,115,"3-5-12"
"556","bm1to2.deg",0.0175452532462812,116,"3-6-7"
"557","bm1to2.deg",0.0188520459910627,117,"3-6-8"
"558","bm1to2.deg",0.0212482736554963,118,"3-6-9"
"559","bm1to2.deg",0.0260701181727766,119,"3-6-10"
"560","bm1to2.deg",0.0202881281688716,120,"3-6-11"
"561","bm1to2.deg",0.0247881722502698,121,"3-6-12"
"562","bm1to2.deg",0.0187876105039628,122,"3-7-8"
"563","bm1to2.deg",0.0212436941985861,123,"3-7-9"
"564","bm1to2.deg",0.0261079590353297,124,"3-7-10"
"565","bm1to2.deg",0.020601015582625,125,"3-7-11"
"566","bm1to2.deg",0.0249594941415781,126,"3-7-12"
"567","bm1to2.deg",0.0220652219936631,127,"3-8-9"
"568","bm1to2.deg",0.0267606230851226,128,"3-8-10"
"569","bm1to2.deg",0.0212900447924744,129,"3-8-11"
"570","bm1to2.deg",0.0255756281391115,130,"3-8-12"
"571","bm1to2.deg",0.0285237687273573,131,"3-9-10"
"572","bm1to2.deg",0.0234780171153949,132,"3-9-11"
"573","bm1to2.deg",0.0274203756505112,133,"3-9-12"
"574","bm1to2.deg",0.0279493622608212,134,"3-10-11"
"575","bm1to2.deg",0.0313309421805185,135,"3-10-12"
"576","bm1to2.deg",0.0268568660620668,136,"3-11-12"
"577","bm1to2.deg",0.0192122449887511,137,"4-5-6"
"578","bm1to2.deg",0.0106743152148419,138,"4-5-7"
"579","bm1to2.deg",0.0147613560020566,139,"4-5-8"
"580","bm1to2.deg",0.0174076819339613,140,"4-5-9"
"581","bm1to2.deg",0.0228819984175662,141,"4-5-10"
"582","bm1to2.deg",0.014955954416351,142,"4-5-11"
"583","bm1to2.deg",0.0209465302892025,143,"4-5-12"
"584","bm1to2.deg",0.0101507003547456,144,"4-6-7"
"585","bm1to2.deg",0.0136266800448673,145,"4-6-8"
"586","bm1to2.deg",0.0166156120405891,146,"4-6-9"
"587","bm1to2.deg",0.0223600813523213,147,"4-6-10"
"588","bm1to2.deg",0.0145985789557968,148,"4-6-11"
"589","bm1to2.deg",0.020573637634239,149,"4-6-12"
"590","bm1to2.deg",0.0104444979713426,150,"4-7-8"
"591","bm1to2.deg",0.0142982369804761,151,"4-7-9"
"592","bm1to2.deg",0.0207857573098583,152,"4-7-10"
"593","bm1to2.deg",0.0127227438606133,153,"4-7-11"
"594","bm1to2.deg",0.0191176258751718,154,"4-7-12"
"595","bm1to2.deg",0.0163397988365188,155,"4-8-9"
"596","bm1to2.deg",0.0222102942044957,156,"4-8-10"
"597","bm1to2.deg",0.0147250539409702,157,"4-8-11"
"598","bm1to2.deg",0.0205661523052558,158,"4-8-12"
"599","bm1to2.deg",0.0242381164278724,159,"4-9-10"
"600","bm1to2.deg",0.0176597037158097,160,"4-9-11"
"601","bm1to2.deg",0.0227524909489786,161,"4-9-12"
"602","bm1to2.deg",0.0232206908681293,162,"4-10-11"
"603","bm1to2.deg",0.02728988785495,163,"4-10-12"
"604","bm1to2.deg",0.0217203758951042,164,"4-11-12"
"605","bm1to2.deg",0.0179762619107486,165,"5-6-7"
"606","bm1to2.deg",0.0209706185613412,166,"5-6-8"
"607","bm1to2.deg",0.022814954469432,167,"5-6-9"
"608","bm1to2.deg",0.0271735026819362,168,"5-6-10"
"609","bm1to2.deg",0.0206562839741912,169,"5-6-11"
"610","bm1to2.deg",0.0254295883633161,170,"5-6-12"
"611","bm1to2.deg",0.0149798506686434,171,"5-7-8"
"612","bm1to2.deg",0.0176314365170961,172,"5-7-9"
"613","bm1to2.deg",0.0230679426619434,173,"5-7-10"
"614","bm1to2.deg",0.0152801976659173,174,"5-7-11"
"615","bm1to2.deg",0.0211757507064844,175,"5-7-12"
"616","bm1to2.deg",0.0203341304616218,176,"5-8-9"
"617","bm1to2.deg",0.0251802028480609,177,"5-8-10"
"618","bm1to2.deg",0.018236686039587,178,"5-8-11"
"619","bm1to2.deg",0.0234225586687291,179,"5-8-12"
"620","bm1to2.deg",0.0268320433742614,180,"5-9-10"
"621","bm1to2.deg",0.0204772559523346,181,"5-9-11"
"622","bm1to2.deg",0.025200032801817,182,"5-9-12"
"623","bm1to2.deg",0.0253127059707588,183,"5-10-11"
"624","bm1to2.deg",0.0292618653635059,184,"5-10-12"
"625","bm1to2.deg",0.0236090283029202,185,"5-11-12"
"626","bm1to2.deg",0.0138213017240688,186,"6-7-8"
"627","bm1to2.deg",0.0167411616503412,187,"6-7-9"
"628","bm1to2.deg",0.0224338906484646,188,"6-7-10"
"629","bm1to2.deg",0.0145458251105611,189,"6-7-11"
"630","bm1to2.deg",0.0205876254621085,190,"6-7-12"
"631","bm1to2.deg",0.0193068708040062,191,"6-8-9"
"632","bm1to2.deg",0.0243957123247711,192,"6-8-10"
"633","bm1to2.deg",0.0173444458358,193,"6-8-11"
"634","bm1to2.deg",0.0226745126021623,194,"6-8-12"
"635","bm1to2.deg",0.0261504416674862,195,"6-9-10"
"636","bm1to2.deg",0.0197524557550864,196,"6-9-11"
"637","bm1to2.deg",0.0245604978405452,197,"6-9-12"
"638","bm1to2.deg",0.0247634564435463,198,"6-10-11"
"639","bm1to2.deg",0.0287423541754738,199,"6-10-12"
"640","bm1to2.deg",0.0231067507544559,200,"6-11-12"
"641","bm1to2.deg",0.0158520683193531,201,"7-8-9"
"642","bm1to2.deg",0.0218126507414353,202,"7-8-10"
"643","bm1to2.deg",0.013797054921542,203,"7-8-11"
"644","bm1to2.deg",0.0200049757231138,204,"7-8-12"
"645","bm1to2.deg",0.0238227232690722,205,"7-9-10"
"646","bm1to2.deg",0.0168114307934436,206,"7-9-11"
"647","bm1to2.deg",0.0221868451420315,207,"7-9-12"
"648","bm1to2.deg",0.0225328857139566,208,"7-10-11"
"649","bm1to2.deg",0.0267807701209031,209,"7-10-12"
"650","bm1to2.deg",0.0208267701536792,210,"7-11-12"
"651","bm1to2.deg",0.0254763109291159,211,"8-9-10"
"652","bm1to2.deg",0.0190128737589719,212,"8-9-11"
"653","bm1to2.deg",0.023920119266766,213,"8-9-12"
"654","bm1to2.deg",0.0242069653012143,214,"8-10-11"
"655","bm1to2.deg",0.0282225846574863,215,"8-10-12"
"656","bm1to2.deg",0.0225903581809905,216,"8-11-12"
"657","bm1to2.deg",0.0260322873355937,217,"9-10-11"
"658","bm1to2.deg",0.0297995757927838,218,"9-10-12"
"659","bm1to2.deg",0.0245425888868147,219,"9-11-12"
"660","bm1to2.deg",0.028762070687949,220,"10-11-12"
"661","bm1to2.coop.add",0.10409610311634,1,"1-2-3"
"662","bm1to2.coop.add",0.0454798693575659,2,"1-2-4"
"663","bm1to2.coop.add",0.042354815742003,3,"1-2-5"
"664","bm1to2.coop.add",0.0415926293297178,4,"1-2-6"
"665","bm1to2.coop.add",0.0517984722868943,5,"1-2-7"
"666","bm1to2.coop.add",0.0407323569177354,6,"1-2-8"
"667","bm1to2.coop.add",0.0415571238090822,7,"1-2-9"
"668","bm1to2.coop.add",0.0446705347072042,8,"1-2-10"
"669","bm1to2.coop.add",0.0461798041374691,9,"1-2-11"
"670","bm1to2.coop.add",0.0465040409650176,10,"1-2-12"
"671","bm1to2.coop.add",0.0256806383566515,11,"1-3-4"
"672","bm1to2.coop.add",0.0224314104727542,12,"1-3-5"
"673","bm1to2.coop.add",0.0229631019367192,13,"1-3-6"
"674","bm1to2.coop.add",0.0207386364538366,14,"1-3-7"
"675","bm1to2.coop.add",0.022923848005923,15,"1-3-8"
"676","bm1to2.coop.add",0.0248876933982118,16,"1-3-9"
"677","bm1to2.coop.add",0.0290397832974656,17,"1-3-10"
"678","bm1to2.coop.add",0.0234539951062769,18,"1-3-11"
"679","bm1to2.coop.add",0.0276170470985633,19,"1-3-12"
"680","bm1to2.coop.add",0.0161921869484536,20,"1-4-5"
"681","bm1to2.coop.add",0.0167382945425428,21,"1-4-6"
"682","bm1to2.coop.add",0.0150671471391986,22,"1-4-7"
"683","bm1to2.coop.add",0.0169436342695948,23,"1-4-8"
"684","bm1to2.coop.add",0.0195548789278381,24,"1-4-9"
"685","bm1to2.coop.add",0.0246660354811471,25,"1-4-10"
"686","bm1to2.coop.add",0.0181810465608478,26,"1-4-11"
"687","bm1to2.coop.add",0.0231597603320901,27,"1-4-12"
"688","bm1to2.coop.add",0.0276048484873779,28,"1-5-6"
"689","bm1to2.coop.add",0.01800256100739,29,"1-5-7"
"690","bm1to2.coop.add",0.0227478890306762,30,"1-5-8"
"691","bm1to2.coop.add",0.0243951428119832,31,"1-5-9"
"692","bm1to2.coop.add",0.0284106524932056,32,"1-5-10"
"693","bm1to2.coop.add",0.0215138954726442,33,"1-5-11"
"694","bm1to2.coop.add",0.026364534499059,34,"1-5-12"
"695","bm1to2.coop.add",0.0175023487460706,35,"1-6-7"
"696","bm1to2.coop.add",0.0216703982422372,36,"1-6-8"
"697","bm1to2.coop.add",0.0235132379788793,37,"1-6-9"
"698","bm1to2.coop.add",0.0277280410711218,38,"1-6-10"
"699","bm1to2.coop.add",0.0209940266709213,39,"1-6-11"
"700","bm1to2.coop.add",0.025825506266214,40,"1-6-12"
"701","bm1to2.coop.add",0.0164954243862833,41,"1-7-8"
"702","bm1to2.coop.add",0.0190728254079468,42,"1-7-9"
"703","bm1to2.coop.add",0.0242192543502471,43,"1-7-10"
"704","bm1to2.coop.add",0.0170391308235834,44,"1-7-11"
"705","bm1to2.coop.add",0.0224487878155331,45,"1-7-12"
"706","bm1to2.coop.add",0.0221052026897287,46,"1-8-9"
"707","bm1to2.coop.add",0.0266243679781558,47,"1-8-10"
"708","bm1to2.coop.add",0.0199982688330849,48,"1-8-11"
"709","bm1to2.coop.add",0.0248726715790706,49,"1-8-12"
"710","bm1to2.coop.add",0.0282531053609737,50,"1-9-10"
"711","bm1to2.coop.add",0.0221586608685266,51,"1-9-11"
"712","bm1to2.coop.add",0.0266280606658335,52,"1-9-12"
"713","bm1to2.coop.add",0.0267054685794538,53,"1-10-11"
"714","bm1to2.coop.add",0.0305082671152178,54,"1-10-12"
"715","bm1to2.coop.add",0.0250779168491911,55,"1-11-12"
"716","bm1to2.coop.add",0.0187712637962773,56,"2-3-4"
"717","bm1to2.coop.add",0.0167364281399794,57,"2-3-5"
"718","bm1to2.coop.add",0.0167431115914696,58,"2-3-6"
"719","bm1to2.coop.add",0.0169092849951216,59,"2-3-7"
"720","bm1to2.coop.add",0.0174957016380179,60,"2-3-8"
"721","bm1to2.coop.add",0.0200703710570382,61,"2-3-9"
"722","bm1to2.coop.add",0.0251506457444302,62,"2-3-10"
"723","bm1to2.coop.add",0.0193992495691058,63,"2-3-11"
"724","bm1to2.coop.add",0.0239608399926355,64,"2-3-12"
"725","bm1to2.coop.add",0.0176330546665139,65,"2-4-5"
"726","bm1to2.coop.add",0.0177751313673707,66,"2-4-6"
"727","bm1to2.coop.add",0.0189982810082896,67,"2-4-7"
"728","bm1to2.coop.add",0.0186832702973879,68,"2-4-8"
"729","bm1to2.coop.add",0.0211252233388275,69,"2-4-9"
"730","bm1to2.coop.add",0.0260309297877723,70,"2-4-10"
"731","bm1to2.coop.add",0.0208044800283973,71,"2-4-11"
"732","bm1to2.coop.add",0.0250160297402422,72,"2-4-12"
"733","bm1to2.coop.add",0.0196415060195458,73,"2-5-6"
"734","bm1to2.coop.add",0.0180579431621734,74,"2-5-7"
"735","bm1to2.coop.add",0.0195421765129951,75,"2-5-8"
"736","bm1to2.coop.add",0.0218285796585925,76,"2-5-9"
"737","bm1to2.coop.add",0.0265236873930331,77,"2-5-10"
"738","bm1to2.coop.add",0.0207856050962158,78,"2-5-11"
"739","bm1to2.coop.add",0.0252176457739971,79,"2-5-12"
"740","bm1to2.coop.add",0.0180548057740396,80,"2-6-7"
"741","bm1to2.coop.add",0.0193229026095993,81,"2-6-8"
"742","bm1to2.coop.add",0.0216493043083238,82,"2-6-9"
"743","bm1to2.coop.add",0.0263909012318929,83,"2-6-10"
"744","bm1to2.coop.add",0.0207117639658765,84,"2-6-11"
"745","bm1to2.coop.add",0.0251268112995569,85,"2-6-12"
"746","bm1to2.coop.add",0.0187606365749342,86,"2-7-8"
"747","bm1to2.coop.add",0.0211805641362655,87,"2-7-9"
"748","bm1to2.coop.add",0.0260494605855366,88,"2-7-10"
"749","bm1to2.coop.add",0.0205825443356917,89,"2-7-11"
"750","bm1to2.coop.add",0.0249198579728163,90,"2-7-12"
"751","bm1to2.coop.add",0.0220421702140906,91,"2-8-9"
"752","bm1to2.coop.add",0.0267303133872398,92,"2-8-10"
"753","bm1to2.coop.add",0.0212480341711645,93,"2-8-11"
"754","bm1to2.coop.add",0.025537241317235,94,"2-8-12"
"755","bm1to2.coop.add",0.0284706795427647,95,"2-9-10"
"756","bm1to2.coop.add",0.0234064182265707,96,"2-9-11"
"757","bm1to2.coop.add",0.0273571274114664,97,"2-9-12"
"758","bm1to2.coop.add",0.0278795862439713,98,"2-10-11"
"759","bm1to2.coop.add",0.0312665011647918,99,"2-10-12"
"760","bm1to2.coop.add",0.0267882594744584,100,"2-11-12"
"761","bm1to2.coop.add",0.0288245347254162,101,"3-4-5"
"762","bm1to2.coop.add",0.0246775684632086,102,"3-4-6"
"763","bm1to2.coop.add",0.0269953610327492,103,"3-4-7"
"764","bm1to2.coop.add",0.0255170156424693,104,"3-4-8"
"765","bm1to2.coop.add",0.0274124481561884,105,"3-4-9"
"766","bm1to2.coop.add",0.0313854978195347,106,"3-4-10"
"767","bm1to2.coop.add",0.0273833683351951,107,"3-4-11"
"768","bm1to2.coop.add",0.030631194879942,108,"3-4-12"
"769","bm1to2.coop.add",0.0160856874859161,109,"3-5-6"
"770","bm1to2.coop.add",0.0130271721883759,110,"3-5-7"
"771","bm1to2.coop.add",0.0150448872334166,111,"3-5-8"
"772","bm1to2.coop.add",0.0178848732263986,112,"3-5-9"
"773","bm1to2.coop.add",0.0233558242363762,113,"3-5-10"
"774","bm1to2.coop.add",0.0164148123893767,114,"3-5-11"
"775","bm1to2.coop.add",0.021777066693569,115,"3-5-12"
"776","bm1to2.coop.add",0.0137301909137937,116,"3-6-7"
"777","bm1to2.coop.add",0.0160705193030794,117,"3-6-8"
"778","bm1to2.coop.add",0.0187397801063548,118,"3-6-9"
"779","bm1to2.coop.add",0.023998859389123,119,"3-6-10"
"780","bm1to2.coop.add",0.0171507673170599,120,"3-6-11"
"781","bm1to2.coop.add",0.0223921053988651,121,"3-6-12"
"782","bm1to2.coop.add",0.0149354890180088,122,"3-7-8"
"783","bm1to2.coop.add",0.0178989949106022,123,"3-7-9"
"784","bm1to2.coop.add",0.023459133889152,124,"3-7-10"
"785","bm1to2.coop.add",0.0172030019430667,125,"3-7-11"
"786","bm1to2.coop.add",0.0221953989374955,126,"3-7-12"
"787","bm1to2.coop.add",0.0191730740900641,127,"3-8-9"
"788","bm1to2.coop.add",0.0243865935945863,128,"3-8-10"
"789","bm1to2.coop.add",0.0179731284773777,129,"3-8-11"
"790","bm1to2.coop.add",0.0229502667226334,130,"3-8-12"
"791","bm1to2.coop.add",0.0262767000251251,131,"3-9-10"
"792","bm1to2.coop.add",0.020487870471457,132,"3-9-11"
"793","bm1to2.coop.add",0.0249617527707638,133,"3-9-12"
"794","bm1to2.coop.add",0.0254686476022573,134,"3-10-11"
"795","bm1to2.coop.add",0.0291799092457487,135,"3-10-12"
"796","bm1to2.coop.add",0.0242222730505139,136,"3-11-12"
"797","bm1to2.coop.add",0.0103932811883984,137,"4-5-6"
"798","bm1to2.coop.add",0.0125684963521658,138,"4-5-7"
"799","bm1to2.coop.add",0.0105628091639609,139,"4-5-8"
"800","bm1to2.coop.add",0.0144457719639743,140,"4-5-9"
"801","bm1to2.coop.add",0.0209632104662339,141,"4-5-10"
"802","bm1to2.coop.add",0.014113092454515,142,"4-5-11"
"803","bm1to2.coop.add",0.0197121274094669,143,"4-5-12"
"804","bm1to2.coop.add",0.0114641074289565,144,"4-6-7"
"805","bm1to2.coop.add",0.011046262447919,145,"4-6-8"
"806","bm1to2.coop.add",0.0147956463859762,146,"4-6-9"
"807","bm1to2.coop.add",0.021192031820535,147,"4-6-10"
"808","bm1to2.coop.add",0.0141581885797738,148,"4-6-11"
"809","bm1to2.coop.add",0.0198542594096419,149,"4-6-12"
"810","bm1to2.coop.add",0.0129096373600375,150,"4-7-8"
"811","bm1to2.coop.add",0.0162488847223537,151,"4-7-9"
"812","bm1to2.coop.add",0.0223163732850671,152,"4-7-10"
"813","bm1to2.coop.add",0.0165346932429492,153,"4-7-11"
"814","bm1to2.coop.add",0.0213972012415335,154,"4-7-12"
"815","bm1to2.coop.add",0.0159057790919688,155,"4-8-9"
"816","bm1to2.coop.add",0.0220021695420627,156,"4-8-10"
"817","bm1to2.coop.add",0.0154397265076418,157,"4-8-11"
"818","bm1to2.coop.add",0.0207729314712409,158,"4-8-12"
"819","bm1to2.coop.add",0.0241147177845419,159,"4-9-10"
"820","bm1to2.coop.add",0.0183297320753613,160,"4-9-11"
"821","bm1to2.coop.add",0.0230017221864981,161,"4-9-12"
"822","bm1to2.coop.add",0.0238419990099921,162,"4-10-11"
"823","bm1to2.coop.add",0.0275880126690896,163,"4-10-12"
"824","bm1to2.coop.add",0.0228311410706819,164,"4-11-12"
"825","bm1to2.coop.add",0.0122806785354765,165,"5-6-7"
"826","bm1to2.coop.add",0.0182712442343706,166,"5-6-8"
"827","bm1to2.coop.add",0.0200365606634825,167,"5-6-9"
"828","bm1to2.coop.add",0.0247162373902943,168,"5-6-10"
"829","bm1to2.coop.add",0.0164746536084008,169,"5-6-11"
"830","bm1to2.coop.add",0.0223596275219194,170,"5-6-12"
"831","bm1to2.coop.add",0.0102272479862031,171,"5-7-8"
"832","bm1to2.coop.add",0.0140717069379094,172,"5-7-9"
"833","bm1to2.coop.add",0.0205935981492039,173,"5-7-10"
"834","bm1to2.coop.add",0.0122976404778445,174,"5-7-11"
"835","bm1to2.coop.add",0.0188406993281812,175,"5-7-12"
"836","bm1to2.coop.add",0.0170250361397334,176,"5-8-9"
"837","bm1to2.coop.add",0.0226248235863512,177,"5-8-10"
"838","bm1to2.coop.add",0.0148024441167526,178,"5-8-11"
"839","bm1to2.coop.add",0.0207553926527691,179,"5-8-12"
"840","bm1to2.coop.add",0.0245315542230753,180,"5-9-10"
"841","bm1to2.coop.add",0.0176518146621706,181,"5-9-11"
"842","bm1to2.coop.add",0.0228544333859836,182,"5-9-12"
"843","bm1to2.coop.add",0.0231686124971278,183,"5-10-11"
"844","bm1to2.coop.add",0.0273262045352536,184,"5-10-12"
"845","bm1to2.coop.add",0.0215545027419363,185,"5-11-12"
"846","bm1to2.coop.add",0.0102549474909699,186,"6-7-8"
"847","bm1to2.coop.add",0.0141318508839918,187,"6-7-9"
"848","bm1to2.coop.add",0.0206598461499724,188,"6-7-10"
"849","bm1to2.coop.add",0.0125642307724469,189,"6-7-11"
"850","bm1to2.coop.add",0.0189836462458182,190,"6-7-12"
"851","bm1to2.coop.add",0.016643720211147,191,"6-8-9"
"852","bm1to2.coop.add",0.022384274708598,192,"6-8-10"
"853","bm1to2.coop.add",0.0147115505171095,193,"6-8-11"
"854","bm1to2.coop.add",0.0206193326072374,194,"6-8-12"
"855","bm1to2.coop.add",0.0243535303131017,195,"6-9-10"
"856","bm1to2.coop.add",0.0176127616497017,196,"6-9-11"
"857","bm1to2.coop.add",0.0227663009812299,197,"6-9-12"
"858","bm1to2.coop.add",0.0231636730364099,198,"6-10-11"
"859","bm1to2.coop.add",0.0272773048046185,199,"6-10-12"
"860","bm1to2.coop.add",0.0216196349649008,200,"6-11-12"
"861","bm1to2.coop.add",0.0147246916730399,201,"7-8-9"
"862","bm1to2.coop.add",0.0211090710460279,202,"7-8-10"
"863","bm1to2.coop.add",0.0135746052281527,203,"7-8-11"
"864","bm1to2.coop.add",0.0195970181157998,204,"7-8-12"
"865","bm1to2.coop.add",0.0232762452681281,205,"7-9-10"
"866","bm1to2.coop.add",0.016763154951845,206,"7-9-11"
"867","bm1to2.coop.add",0.0219221528469462,207,"7-9-12"
"868","bm1to2.coop.add",0.022603682499048,208,"7-10-11"
"869","bm1to2.coop.add",0.0266488704849372,209,"7-10-12"
"870","bm1to2.coop.add",0.0212913805659939,210,"7-11-12"
"871","bm1to2.coop.add",0.0243549230804894,211,"8-9-10"
"872","bm1to2.coop.add",0.0179299663226105,212,"8-9-11"
"873","bm1to2.coop.add",0.0229220381301931,213,"8-9-12"
"874","bm1to2.coop.add",0.0234432661395299,214,"8-10-11"
"875","bm1to2.coop.add",0.0274434612548615,215,"8-10-12"
"876","bm1to2.coop.add",0.0220373820025341,216,"8-11-12"
"877","bm1to2.coop.add",0.025402673859146,217,"9-10-11"
"878","bm1to2.coop.add",0.0291299615926858,218,"9-10-12"
"879","bm1to2.coop.add",0.0241193047187225,219,"9-11-12"
"880","bm1to2.coop.add",0.028471756188857,220,"10-11-12"
"881","bm1to2.coop",0.0816206751164733,1,"1-2-3"
"882","bm1to2.coop",0.0565877395083631,2,"1-2-4"
"883","bm1to2.coop",0.0394982341649659,3,"1-2-5"
"884","bm1to2.coop",0.0491797662511676,4,"1-2-6"
"885","bm1to2.coop",0.0606168500234091,5,"1-2-7"
"886","bm1to2.coop",0.0531984751034571,6,"1-2-8"
"887","bm1to2.coop",0.0553152069099976,7,"1-2-9"
"888","bm1to2.coop",0.0622930395485544,8,"1-2-10"
"889","bm1to2.coop",0.0435109616819174,9,"1-2-11"
"890","bm1to2.coop",0.0624332490042451,10,"1-2-12"
"891","bm1to2.coop",0.0203121092461816,11,"1-3-4"
"892","bm1to2.coop",0.0172585226444479,12,"1-3-5"
"893","bm1to2.coop",0.0148084688417101,13,"1-3-6"
"894","bm1to2.coop",0.0167112497791142,14,"1-3-7"
"895","bm1to2.coop",0.0138653328500436,15,"1-3-8"
"896","bm1to2.coop",0.0146223062053881,16,"1-3-9"
"897","bm1to2.coop",0.0188614145941389,17,"1-3-10"
"898","bm1to2.coop",0.0292971984110049,18,"1-3-11"
"899","bm1to2.coop",0.01720644732531,19,"1-3-12"
"900","bm1to2.coop",0.0228178231592864,20,"1-4-5"
"901","bm1to2.coop",0.00942670622001629,21,"1-4-6"
"902","bm1to2.coop",0.0101618623732506,22,"1-4-7"
"903","bm1to2.coop",0.00452061615165131,23,"1-4-8"
"904","bm1to2.coop",0.00577706609680339,24,"1-4-9"
"905","bm1to2.coop",0.0125430837764241,25,"1-4-10"
"906","bm1to2.coop",0.0284201212794266,26,"1-4-11"
"907","bm1to2.coop",0.0100025959656702,27,"1-4-12"
"908","bm1to2.coop",0.0229924450015329,28,"1-5-6"
"909","bm1to2.coop",0.0172708019960684,29,"1-5-7"
"910","bm1to2.coop",0.0170162137426239,30,"1-5-8"
"911","bm1to2.coop",0.0171919425219521,31,"1-5-9"
"912","bm1to2.coop",0.0194999823346885,32,"1-5-10"
"913","bm1to2.coop",0.0334950689129677,33,"1-5-11"
"914","bm1to2.coop",0.0178634716543566,34,"1-5-12"
"915","bm1to2.coop",0.0116505534176683,35,"1-6-7"
"916","bm1to2.coop",0.00968486983925975,36,"1-6-8"
"917","bm1to2.coop",0.0105635066411323,37,"1-6-9"
"918","bm1to2.coop",0.0153136219708678,38,"1-6-10"
"919","bm1to2.coop",0.0286200963027002,39,"1-6-11"
"920","bm1to2.coop",0.0130161737244457,40,"1-6-12"
"921","bm1to2.coop",0.0103164509710683,41,"1-7-8"
"922","bm1to2.coop",0.00997619661446576,42,"1-7-9"
"923","bm1to2.coop",0.0133113167171983,43,"1-7-10"
"924","bm1to2.coop",0.0324776085909553,44,"1-7-11"
"925","bm1to2.coop",0.0114839537183069,45,"1-7-12"
"926","bm1to2.coop",0.00632583334475067,46,"1-8-9"
"927","bm1to2.coop",0.0127836718912788,47,"1-8-10"
"928","bm1to2.coop",0.0295383247716566,48,"1-8-11"
"929","bm1to2.coop",0.0100726116331395,49,"1-8-12"
"930","bm1to2.coop",0.0149341227271952,50,"1-9-10"
"931","bm1to2.coop",0.02854770483827,51,"1-9-11"
"932","bm1to2.coop",0.0123054853618324,52,"1-9-12"
"933","bm1to2.coop",0.0269827487589126,53,"1-10-11"
"934","bm1to2.coop",0.01925739294279,54,"1-10-12"
"935","bm1to2.coop",0.027296526294525,55,"1-11-12"
"936","bm1to2.coop",0.019926598951438,56,"2-3-4"
"937","bm1to2.coop",0.012980812336965,57,"2-3-5"
"938","bm1to2.coop",0.0117948808760736,58,"2-3-6"
"939","bm1to2.coop",0.0151480491560791,59,"2-3-7"
"940","bm1to2.coop",0.0114665202779216,60,"2-3-8"
"941","bm1to2.coop",0.0126158497013905,61,"2-3-9"
"942","bm1to2.coop",0.0177535698443453,62,"2-3-10"
"943","bm1to2.coop",0.0268153125547273,63,"2-3-11"
"944","bm1to2.coop",0.0159693221209327,64,"2-3-12"
"945","bm1to2.coop",0.0160585818331336,65,"2-4-5"
"946","bm1to2.coop",0.0102860326391923,66,"2-4-6"
"947","bm1to2.coop",0.0123027968379796,67,"2-4-7"
"948","bm1to2.coop",0.00804402069088996,68,"2-4-8"
"949","bm1to2.coop",0.00887746158424332,69,"2-4-9"
"950","bm1to2.coop",0.0140203710296046,70,"2-4-10"
"951","bm1to2.coop",0.0272779107472897,71,"2-4-11"
"952","bm1to2.coop",0.0118674476685365,72,"2-4-12"
"953","bm1to2.coop",0.0172262644263628,73,"2-5-6"
"954","bm1to2.coop",0.0157925234226041,74,"2-5-7"
"955","bm1to2.coop",0.0142359799759708,75,"2-5-8"
"956","bm1to2.coop",0.0149365027128385,76,"2-5-9"
"957","bm1to2.coop",0.0186348467438163,77,"2-5-10"
"958","bm1to2.coop",0.0290109574335506,78,"2-5-11"
"959","bm1to2.coop",0.0168492943524942,79,"2-5-12"
"960","bm1to2.coop",0.012948592059275,80,"2-6-7"
"961","bm1to2.coop",0.0103163573816224,81,"2-6-8"
"962","bm1to2.coop",0.0114114263386606,82,"2-6-9"
"963","bm1to2.coop",0.0163571440191375,83,"2-6-10"
"964","bm1to2.coop",0.0271227672868917,84,"2-6-11"
"965","bm1to2.coop",0.0142438456725618,85,"2-6-12"
"966","bm1to2.coop",0.0229405448689443,86,"2-7-8"
"967","bm1to2.coop",0.0122598564748827,87,"2-7-9"
"968","bm1to2.coop",0.015163975386878,88,"2-7-10"
"969","bm1to2.coop",0.0320172652075019,89,"2-7-11"
"970","bm1to2.coop",0.0136275798445924,90,"2-7-12"
"971","bm1to2.coop",0.00909292418722162,91,"2-8-9"
"972","bm1to2.coop",0.0145182756198559,92,"2-8-10"
"973","bm1to2.coop",0.0284138769748872,93,"2-8-11"
"974","bm1to2.coop",0.0122381462705834,94,"2-8-12"
"975","bm1to2.coop",0.0163714918262255,95,"2-9-10"
"976","bm1to2.coop",0.0274491006432388,96,"2-9-11"
"977","bm1to2.coop",0.0140761682144581,97,"2-9-12"
"978","bm1to2.coop",0.0266106090263737,98,"2-10-11"
"979","bm1to2.coop",0.0200204163050949,99,"2-10-12"
"980","bm1to2.coop",0.0266501886207403,100,"2-11-12"
"981","bm1to2.coop",0.0181278419752278,101,"3-4-5"
"982","bm1to2.coop",0.0196125308208754,102,"3-4-6"
"983","bm1to2.coop",0.0247089843476047,103,"3-4-7"
"984","bm1to2.coop",0.0204462802491673,104,"3-4-8"
"985","bm1to2.coop",0.0217765749381632,105,"3-4-9"
"986","bm1to2.coop",0.0267541738875531,106,"3-4-10"
"987","bm1to2.coop",0.0284777322627535,107,"3-4-11"
"988","bm1to2.coop",0.025764646218141,108,"3-4-12"
"989","bm1to2.coop",0.0132784013105301,109,"3-5-6"
"990","bm1to2.coop",0.0149756911212621,110,"3-5-7"
"991","bm1to2.coop",0.0121517190517331,111,"3-5-8"
"992","bm1to2.coop",0.0134132606891334,112,"3-5-9"
"993","bm1to2.coop",0.0184022929370142,113,"3-5-10"
"994","bm1to2.coop",0.0263641632739427,114,"3-5-11"
"995","bm1to2.coop",0.0165676349200886,115,"3-5-12"
"996","bm1to2.coop",0.015320051268693,116,"3-6-7"
"997","bm1to2.coop",0.0121655472750577,117,"3-6-8"
"998","bm1to2.coop",0.0136137412797244,118,"3-6-9"
"999","bm1to2.coop",0.0189546251504874,119,"3-6-10"
"1000","bm1to2.coop",0.0260385351838529,120,"3-6-11"
"1001","bm1to2.coop",0.0171392297689704,121,"3-6-12"
"1002","bm1to2.coop",0.0157132157713013,122,"3-7-8"
"1003","bm1to2.coop",0.0159269322055164,123,"3-7-9"
"1004","bm1to2.coop",0.0194308735359796,124,"3-7-10"
"1005","bm1to2.coop",0.031237378882552,125,"3-7-11"
"1006","bm1to2.coop",0.018086685265423,126,"3-7-12"
"1007","bm1to2.coop",0.0134779847462824,127,"3-8-9"
"1008","bm1to2.coop",0.0190843615955189,128,"3-8-10"
"1009","bm1to2.coop",0.0271519966620902,129,"3-8-11"
"1010","bm1to2.coop",0.0172450303628895,130,"3-8-12"
"1011","bm1to2.coop",0.0214445490207296,131,"3-9-10"
"1012","bm1to2.coop",0.0262534385721193,132,"3-9-11"
"1013","bm1to2.coop",0.0196052033226932,133,"3-9-12"
"1014","bm1to2.coop",0.026236057169636,134,"3-10-11"
"1015","bm1to2.coop",0.0259038057219671,135,"3-10-12"
"1016","bm1to2.coop",0.0259391217150747,136,"3-11-12"
"1017","bm1to2.coop",0.0143662466907266,137,"4-5-6"
"1018","bm1to2.coop",0.0120827453714502,138,"4-5-7"
"1019","bm1to2.coop",0.0100954147859331,139,"4-5-8"
"1020","bm1to2.coop",0.0112435691482897,140,"4-5-9"
"1021","bm1to2.coop",0.0160985865376027,141,"4-5-10"
"1022","bm1to2.coop",0.0265544360464842,142,"4-5-11"
"1023","bm1to2.coop",0.0139095992499742,143,"4-5-12"
"1024","bm1to2.coop",0.0101606098484675,144,"4-6-7"
"1025","bm1to2.coop",0.00573133208977224,145,"4-6-8"
"1026","bm1to2.coop",0.00779576516054268,146,"4-6-9"
"1027","bm1to2.coop",0.0144474560424227,147,"4-6-10"
"1028","bm1to2.coop",0.0249913974768772,148,"4-6-11"
"1029","bm1to2.coop",0.0119806328615317,149,"4-6-12"
"1030","bm1to2.coop",0.0103357968527445,150,"4-7-8"
"1031","bm1to2.coop",0.0102038574527636,151,"4-7-9"
"1032","bm1to2.coop",0.0140973467522644,152,"4-7-10"
"1033","bm1to2.coop",0.0302893826758539,153,"4-7-11"
"1034","bm1to2.coop",0.0123620848148256,154,"4-7-12"
"1035","bm1to2.coop",0.00551885207810569,155,"4-8-9"
"1036","bm1to2.coop",0.0132683256067317,156,"4-8-10"
"1037","bm1to2.coop",0.0262744526284203,157,"4-8-11"
"1038","bm1to2.coop",0.0106456521620086,158,"4-8-12"
"1039","bm1to2.coop",0.0156534068350043,159,"4-9-10"
"1040","bm1to2.coop",0.0252797352914202,160,"4-9-11"
"1041","bm1to2.coop",0.0131756167815956,161,"4-9-12"
"1042","bm1to2.coop",0.025526637993364,162,"4-10-11"
"1043","bm1to2.coop",0.0201012095424674,163,"4-10-12"
"1044","bm1to2.coop",0.0246172997933972,164,"4-11-12"
"1045","bm1to2.coop",0.0138768403029093,165,"5-6-7"
"1046","bm1to2.coop",0.0134303841243315,166,"5-6-8"
"1047","bm1to2.coop",0.0148420229711334,167,"5-6-9"
"1048","bm1to2.coop",0.0197157990279382,168,"5-6-10"
"1049","bm1to2.coop",0.0264715039717727,169,"5-6-11"
"1050","bm1to2.coop",0.0175814829451518,170,"5-6-12"
"1051","bm1to2.coop",0.0121620605016096,171,"5-7-8"
"1052","bm1to2.coop",0.0124818632361527,172,"5-7-9"
"1053","bm1to2.coop",0.0161805920295959,173,"5-7-10"
"1054","bm1to2.coop",0.0304090475182366,174,"5-7-11"
"1055","bm1to2.coop",0.0143719241383438,175,"5-7-12"
"1056","bm1to2.coop",0.0114624819747102,176,"5-8-9"
"1057","bm1to2.coop",0.016972938788349,177,"5-8-10"
"1058","bm1to2.coop",0.027105353003723,178,"5-8-11"
"1059","bm1to2.coop",0.0146489737745521,179,"5-8-12"
"1060","bm1to2.coop",0.0189653620696027,180,"5-9-10"
"1061","bm1to2.coop",0.0263502273665692,181,"5-9-11"
"1062","bm1to2.coop",0.0166538146053746,182,"5-9-12"
"1063","bm1to2.coop",0.0270351151442031,183,"5-10-11"
"1064","bm1to2.coop",0.0224667942630654,184,"5-10-12"
"1065","bm1to2.coop",0.0258893130528085,185,"5-11-12"
"1066","bm1to2.coop",0.00978057997341406,186,"6-7-8"
"1067","bm1to2.coop",0.0101245141654545,187,"6-7-9"
"1068","bm1to2.coop",0.0146423218360379,188,"6-7-10"
"1069","bm1to2.coop",0.0299751398298403,189,"6-7-11"
"1070","bm1to2.coop",0.0126030754656179,190,"6-7-12"
"1071","bm1to2.coop",0.00842061652802762,191,"6-8-9"
"1072","bm1to2.coop",0.0155819375881837,192,"6-8-10"
"1073","bm1to2.coop",0.0260186945037136,193,"6-8-11"
"1074","bm1to2.coop",0.0129273328136948,194,"6-8-12"
"1075","bm1to2.coop",0.0181044361173893,195,"6-9-10"
"1076","bm1to2.coop",0.0256150680172528,196,"6-9-11"
"1077","bm1to2.coop",0.0155584943417196,197,"6-9-12"
"1078","bm1to2.coop",0.0246922090891887,198,"6-10-11"
"1079","bm1to2.coop",0.022354377553842,199,"6-10-12"
"1080","bm1to2.coop",0.0244967664706881,200,"6-11-12"
"1081","bm1to2.coop",0.00927428053378298,201,"7-8-9"
"1082","bm1to2.coop",0.013358954501613,202,"7-8-10"
"1083","bm1to2.coop",0.0326603087006274,203,"7-8-11"
"1084","bm1to2.coop",0.0113564741982323,204,"7-8-12"
"1085","bm1to2.coop",0.0148670742556422,205,"7-9-10"
"1086","bm1to2.coop",0.0312588089220746,206,"7-9-11"
"1087","bm1to2.coop",0.0126562167039493,207,"7-9-12"
"1088","bm1to2.coop",0.0292065134198042,208,"7-10-11"
"1089","bm1to2.coop",0.0184860453434354,209,"7-10-12"
"1090","bm1to2.coop",0.0297892512967942,210,"7-11-12"
"1091","bm1to2.coop",0.0167267662522593,211,"8-9-10"
"1092","bm1to2.coop",0.0267932024757366,212,"8-9-11"
"1093","bm1to2.coop",0.0139232678624278,213,"8-9-12"
"1094","bm1to2.coop",0.0253455523004718,214,"8-10-11"
"1095","bm1to2.coop",0.0217459337815262,215,"8-10-12"
"1096","bm1to2.coop",0.0255813872898905,216,"8-11-12"
"1097","bm1to2.coop",0.024561612710015,217,"9-10-11"
"1098","bm1to2.coop",0.0254433916617441,218,"9-10-12"
"1099","bm1to2.coop",0.0245639728663504,219,"9-11-12"
"1100","bm1to2.coop",0.0244842707832829,220,"10-11-12"
